epoch,training_accuracy,validation_accuracy
0,0.625,0.691375
1,0.7651565465165565,0.7716125
2,0.8259375,0.813125
3,0.8479166626930237,0.813125
4,0.835,0.813125
5,0.8763020634651184,0.81156513125
6,0.8705722093582153,0.797453125
7,0.8828125,0.846615
8,0.8802083134651184,0.82773
9,0.887248415,0.82773